{"1": {"from_tth": 9.600000000000001, "to_tth": 10.0, "from_azi": -60.0, "to_azi": 60.0, "from_frame": 200, "to_frame": 300}, "1": {"from_tth": 9.600000000000001, "to_tth": 10.0, "from_azi": -60.0, "to_azi": 60.0, "from_frame": 200, "to_frame": 260}}