{"1": {"from_tth": 11.0, "to_tth": 11.750000000000025, "from_azi": -30.0, "to_azi": 30.0, "from_frame": 200, "to_frame": 360}, "1": {"from_tth": 11.0, "to_tth": 11.750000000000025, "from_azi": -30.0, "to_azi": 30.0, "from_frame": 200, "to_frame": 315}}